<?xml version="1.0" encoding="ISO-8859-1"?>
<!-- 
$Id: params.xml,v 1.3 2018/07/25 06:19:18 dgoron Exp $ -->

<params>
    <!-- Nom de l'import -->
    <importname>MEDLINE -&gt; PMBXML</importname>
    <!-- Nombre de notices trait�es par passe -->
    <nperpass>200</nperpass>
    <!-- Type de l'entr�e -->
    <input type="custom" script="medline2pmbxml_input.class.php"/>
    <!-- type de la sortie -->
    <output importable="no" type="xml" suffix="xml">
		<rootelement>pmbmarc</rootelement>
	</output>

    <step type="custom">
        <!-- Conversion Endnote en pmbxml -->
        <script>medline2pmbxml.class.php</script>
		<callback>convert_data</callback>
    </step>
</params>