<?xml version="1.0" encoding="ISO-8859-1"?>
<params>
	<!-- Nom de l'import -->
	<importname>Base PMB -&gt; Sites Web PRISME</importname>
	<!-- Nombre de notices trait�es par passe -->
	<nperpass>200</nperpass>
	<!-- Type de l'entr�e -->
	<input type="xml" rootelement="*" noticeelement="notice" specialexport="yes"/>
	<!-- Type de sortie -->
	<output importable="no" type="custom" script="pmb2webprisme_output.class.php" suffix="txt" mimetype="application/text"/>
	<step type="custom">
		<script>pmb2webprisme.class.php</script>
		<callback>convert_data</callback>
		<op>ETSUP</op>
	</step>
</params>
