<?xml version="1.0" encoding="ISO-8859-1"?>
<params>
	<!-- Nom de l'import -->
	<importname>pmb-XML UNIMARC -&gt; RTF</importname>
	<!-- Nombre de notices trait�es par passe -->
	<nperpass>200</nperpass>
	<!-- Type de l'entr�e -->
	<input type="xml" rootelement="*" noticeelement="notice"/>
	<!-- Type de sortie -->
	<output importable="no" type="custom" script="word_output.class.php" suffix="rtf" mimetype="application/rtf">
		<rtftemplate>list.rtf</rtftemplate>
	</output>
	<step type="xmltransform">
		<!-- Conversion en text -->
		<xslfile>text.xsl</xslfile>
		<rootelement>unimarc</rootelement>
		<noticeelement>notices</noticeelement>
	</step>
	<step type="custom">
		<script>word.class.php</script>
		<callback>convert_data</callback>
		<rtftemplate>list.rtf</rtftemplate>
	</step>
</params>