<?xml version="1.0" encoding="ISO-8859-1"?>
<!-- 
$Id: params.xml,v 1.3 2006/02/01 17:21:14 dbellamy Exp $ -->

<params>
    <!-- Nom de l'import -->
    <importname>Fichier texte -&gt; UNIMARC ISO 2709</importname>
    <!-- Nombre de notices trait�es par passe -->
    <nperpass>1</nperpass>
    <!-- Type de l'entr�e -->
    <input type="text" header="no"/>
    <!-- type de la sortie -->
    <output importable="yes" type="iso_2709" suffix="uni"/>
    <step type="texttoxml">
        <!-- Conversion texte en unimarc -->
        <trootelement>unimarc</trootelement>
        <separator>|</separator>
        <delimitedby></delimitedby>
        <escaped>yes</escaped>
        <cols>
            <col id="1">
                <field>010</field>
                <subfield>a</subfield>
            </col>
            <col id="2,3,4">
                <field>700</field>
                <subfield>a,b,4</subfield>
            </col>
            <col id="5,6,7">
                <field>701</field>
                <subfield>a,b,4</subfield>
            </col>
            <col id="8,9,10">
                <field>701</field>
                <subfield>a,b,4</subfield>
            </col>
            <col id="11,12,13">
                <field>702</field>
                <subfield>a,b,4</subfield>
            </col>
            <col id="14,15,16">
                <field>702</field>
                <subfield>a,b,4</subfield>
            </col>
            <col id="17,18,19">
                <field>702</field>
                <subfield>a,b,4</subfield>
            </col>
            <col id="20,21,22">
                <field>702</field>
                <subfield>a,b,4</subfield>
            </col>
            <col id="23,24,25">
                <field>702</field>
                <subfield>a,b,4</subfield>
            </col>
            <col id="26,27,28">
                <field>702</field>
                <subfield>a,b,4</subfield>
            </col>

            <col id="29,30,31,32">
                <field>200</field>
                <subfield>a,c,d,e</subfield>
                <ind>1 </ind>
            </col>
            <col id="33">
                <field>205</field>
                <subfield>a</subfield>
            </col>
            <col id="34,35,36">
                <field>210</field>
                <subfield>a,c,d</subfield>
            </col>
            <col id="37,38,39,40">
                <field>225</field>
                <subfield>a,v,x,i</subfield>
            </col>
            <col id="41,42">
                <field>461</field>
                <subfield>t,v</subfield>
            </col>
            <col id="43">
                <field>676</field>
                <subfield>a</subfield>
            </col>
            <col id="44">
                <field>610</field>
                <subfield>a</subfield>
            </col>
             <col id="45,46">
                <field>101</field>
                <subfield>a,c</subfield>
            </col>
   
            <col id="47,48,49,50">
                <field>215</field>
                <subfield>a,c,d,e</subfield>
            </col>
            <col id="51">
                <field>300</field>
                <subfield>a</subfield>
            </col>
            <col id="52">
                <field>327</field>
                <subfield>a</subfield>
            </col>
            <col id="53">
                <field>330</field>
                <subfield>a</subfield>
            </col>
        </cols>
    </step>
    <step type="toiso">
        <!-- Conversion xml unimarc en iso2709 unimarc -->
        <rootelement>unimarc</rootelement>
        <il>2</il>
        <sl>2</sl>
        <dm1>4</dm1>
        <dm2>5</dm2>
        <dm3>0</dm3>
    </step>
</params>