<?xml version="1.0" encoding="ISO-8859-1"?>
<params>
	<!-- Nom de l'import -->
	<importname>pmb-XML MARC -&gt; MARC ISO2709</importname>
	<!-- Nombre de notices trait�es par passe -->
	<nperpass>200</nperpass>
	<!-- Type de l'entr�e -->
	<input type="xml" rootelement="*" noticeelement="notice"/>
	<!-- Type de sortie -->
	<output importable="yes" type="iso_2709" suffix="marc"/>
	
	<step type="toiso">
		<rootelement>*</rootelement>
		<il>2</il>
		<sl>2</sl>
		<dm1>4</dm1>
		<dm2>5</dm2>
		<dm3>0</dm3>
	</step>
</params>