<?xml version="1.0" encoding="ISO-8859-1"?>
<params>
	<!-- Nom de l'import -->
	<importname>pmb-XML MARC -&gt; HTML MARC</importname>
	<!-- Nombre de notices trait�es par passe -->
	<nperpass>200</nperpass>
	<!-- Type de l'entr�e -->
	<input type="xml" rootelement="*" noticeelement="notice"/>
	
	<!-- Type de la sortie -->
	<output importable="no" type="xml" suffix="html" mimetype="text/html">
		<rootelement>html</rootelement>
		<addheader><![CDATA[<head><style>table {border-spacing: 0pt; empty-cells: show; border-collapse: collapse; margin-bottom: 60px} td {border: solid 1px; } table.noborder {margin-bottom: 0px} td.noborder { border:none }</style></head><body>]]></addheader>
		<addfooter><![CDATA[</body>]]></addfooter>
	</output>
	
	<step type="xmltransform">
		<!-- Conversion en html -->
		<xslfile>html.xsl</xslfile>
		<rootelement>pmbmarc</rootelement>
		<noticeelement>notice</noticeelement>
		<trootelement>html</trootelement>
		<tnoticeelement>table</tnoticeelement>
	</step>
</params>