<?xml version="1.0" encoding="ISO-8859-1"?>
<!-- 
$Id: params.xml,v 1.7 2018/07/25 06:19:18 dgoron Exp $ -->

<params>
    <!-- Nom de l'import -->
    <importname>SUPERDOC -&gt; PMB XML MARC</importname>
    <!-- Nombre de notices trait�es par passe -->
    <nperpass>200</nperpass>
    <!-- Type de l'entr�e -->
    <input type="custom" script="superdoc2pmbxml_input.class.php"/>
    <!-- type de la sortie -->
    <output importable="no" type="xml" suffix="xml">
        <rootelement>unimarc</rootelement>
    </output>

    <step type="custom">
        <!-- Conversion texte atalante en unimarc -->
        <script>superdoc2pmbxml.class.php</script>
		<callback>convert_data</callback>
		<options>
			<option name="coupe_titre_gen">yes</option>
		</options>
		<fields>
			<field name="titre">TITRE</field>
			<field name="nom_revue">NOM DE LA REVUE</field>
			<field name="support_physique">SUPPORT PHYSIQUE</field>
			<field name="groupe_pret">GROUPE DE PRET</field>
			<field name="isbn">NUMERO NORMALISE</field>
			<field name="prix">PRIX</field>
			<field name="langue">LANGUE</field>
			<field name="langue_origine">LANGUE D'ORIGINE</field>
			<field name="article_titre">ARTICLE DU TITRE</field>
			<field name="serie">TITRE GENERIQUE</field>
			<field name="article_serie">ARTICLE DU TITRE GENERIQUE</field>
			<field name="auteurs_principaux">AUTEURS PRINCIPAUX</field>
			<field name="auteurs_secondaires">AUTEURS SECONDAIRES</field>
			<field name="editeur">EDITEUR</field>
			<field name="annee_edition">ANNEE D'EDITION</field>
			<field name="article_nom_revue">ARTICLE DU NOM DE LA REVUE</field>
			<field name="numero_revue">NUMERO DE LA REVUE</field>
			<field name="collation_pagination">DESCRIPTION</field>
			<field name="notes">NOTES</field>
			<field name="notes_contenu">ANALYSE</field>
			<field name="resume">RESUME</field>
			<field name="collection">COLLECTION SOUS-COLLECTION</field>
			<field name="mots_cles">MOTS HORS THESAURUS</field>
			<field name="descripteurs">DESCRIPTEURS</field>
			<field name="origine">ORIGINE</field>
			<field name="themes">THEMES</field>
			<field name="genre">GENRE OU FORME</field>
			<field name="discipline">DISCIPLINE</field>
			<field name="annee_peremption">ANNEE DE PEREMPTION</field>
			<field name="date_saisie">DATE DE SAISIE</field>
			<field name="numero_ex">NUMERO DE PRET</field>
			<field name="type_document">TYPE DE DOCUMENT</field>
			<field name="code_stat">NIVEAU</field>
			<field name="niveau">NIVEAU</field>
			<field name="cote">COTE</field>
			<field name="commentaires_ex">COMMENTAIRES</field>
			<field name="localisation">LOCALISATION</field>
		</fields>
    </step>
</params>