<?xml version="1.0" encoding="ISO-8859-1"?>
<params>
	<!-- Nom de l'import -->
	<importname>Superdoc (Aix-Marseille) -&gt; PMB-XML UNIMARC</importname>
	<!-- Nombre de notices trait�es par passe -->
	<nperpass>200</nperpass>
	<!-- Type de l'entr�e -->
	<input type="xml" rootelement="inm:Recordset" noticeelement="inm:Record" />
	
	<!-- Type de la sortie -->
	<output importable="no" type="xml" suffix="xml">
		<rootelement>unimarc</rootelement>
	</output>
	
	<step type="xmltransform">
		<!-- Conversion en xml unimarc -->
		<xslfile>superdoc_aix.xsl</xslfile>
		<rootelement>inm:Recordset</rootelement>
		<noticeelement>inm:Record</noticeelement>
		<trootelement>unimarc</trootelement>
		<tnoticeelement>notice</tnoticeelement>
		<namespace id='inm'>http://www.inmagic.com/webpublisher/query</namespace>
	</step>
</params>