<?xml version="1.0" encoding="ISO-8859-1"?>
<params>
	<!-- Nom de l'import -->
	<importname>PMB XML UNIMARC -&gt; Codes barres</importname>
	<!-- Nombre de notices trait�es par passe -->
	<nperpass>200</nperpass>

	<!-- Type de l'entr�e -->
	<input type="xml" rootelement="*" noticeelement="notice"/>
	<!--<input type="xml" rootelement="unimarc" noticeelement="notice"/>-->
	<!-- Type de la sortie -->
	<output importable="no" type="txt" suffix="txt"/>
	
	<step type="xmltransform">
		<!-- Conversion en xml -->
		<xslfile>uni2cbex.xsl</xslfile>
		<rootelement>unimarc</rootelement>
		<noticeelement>notice</noticeelement>
		<trootelement>unimarc</trootelement>
		<tnoticeelement>notice</tnoticeelement>
	</step>
</params>