<?xml version="1.0" encoding="ISO-8859-1"?>
<!-- $Id: catalog.xml,v 1.39 2018/06/05 07:49:29 ngantier Exp $ -->
<catalog>
	<item name="Base PMB -&gt; pmb-XML MARC" path="equi" export="yes" exportname="UNIMARC PMB XML" visible="no"/>
	<item name="Base PMB -&gt; UNIMARC Bretagne" path="pmb2bretagne" export="yes" exportname="UNIMARC Bretagne" visible="no"/>
	<item name="MARC ISO2709 -&gt; HTML MARC" path="marciso2html"/>
	<item name="MARC ISO2709 -&gt; pmb-XML MARC" path="marciso2pmbxml" output_pmbxml="yes"/>
	<item name="MARC ISO2709 -&gt; TEXTE MARC" path="marciso2txt"/>
	<item name="Text -&gt; UNIMARC ISO2709" path="text2unimarciso" import="yes" importname="Texte"/>
	<item name="Text -&gt; pmb-XML UNIMARC" path="text2pmbxml"/>
	<item name="MEMO NOTICES BCDI -&gt; UNIMARC ISO2709" path="bcdi2uniiso" import="yes" importname="MEMO NOTICES BCDI"/>
	<item name="MEMO NOTICES BCDI -&gt; pmb-XML UNIMARC" path="bcdi2pmbxmluni"/>
	<item name="MEMODOCNET BCDI -&gt; UNIMARC ISO2709" path="bcdimemodocnet2uniiso" import="yes" importname="MEMODOCNET BCDI"/>
	<item name="MEMODOCNET BCDI -&gt; pmb-XML UNIMARC" path="bcdimemodocnet2pmbxmluni"/>
	<item name="pmb-XML MARC -&gt; HTML MARC" path="pmbxml2html" export="yes" exportname="HTML MARC"/>
	<item name="pmb-XML MARC -&gt; TEXTE MARC" path="pmbxml2txt" export="yes" exportname="TEXTE MARC"/>
	<!--<item name="pmb-XML UNIMARC -&gt; RTF" path="word" export="yes" exportname="WORD RTF"/>-->
	<item name="pmb-XML MARC -&gt; MARC ISO2709" path="pmbxml2marciso" export="yes" exportname="UNIMARC ISO2709" import="yes"/>
	<item name="pmb-XML MARC -&gt; Code-barres exemplaires" path="pmbxml2cbex" export="yes" exportname="CODE-BARRES EXPL"/>	
	<item name="pmb-XML UNIMARC -&gt; XML-EAD" path="pmbxml2ead" import="no" export="yes" exportname="XMLEAD"/>	
	<item name="pmb-XML UNIMARC -&gt; XML labellis�" path="unixml2libelle" export="yes" exportname="XML LABELLISE"/>	
	<!--<item name="UNIMARC Atalante -&gt; PMB XML UNIMARC" path="atalanteuni2pmbxml" output_pmbxml="yes"/>-->
	<!--<item name="UNIMARC Atalante -&gt; UNIMARC ISO 2709" path="atalanteuni2uniiso" import="yes"/>-->
	<item name="Superdoc -&gt; UNIMARC" path="txt2pmbxml" import="yes" importname="Superdoc"/>
	<item name="Superdoc -&gt; pmb-XML UNIMARC" path="superdoc2pmbxml"  output_pmbxml="yes"/>
	<item name="MARC ISO2709 MMN -&gt; MARC ISO2709 Bretagne" path="mmnuni2bretagneuni" import="yes" importname="MARC ISO 2709 MMN"/>
	<item name="MARC ISO2709 -&gt; Code-barres exemplaires" path="uni2cbex"/>
	<item name="pmb-XML MARC -&gt; R�colement Identag" path="pmbxml2identag" export="yes" exportname="RECOLEMENT IDENTAG"/>	
	<item name="USMARC ISO2709 -&gt; UNIMARC ISO2709" path="usmarciso2unimarciso" import="yes" importname="USMARC ISO2709"/>
	<item name="USMARC ISO2709 -&gt; pmb-XML UNIMARC" path="usmarciso2pmbxmlunimarc"  output_pmbxml="yes"/>
	<item name="USMARC @BOOKS -&gt; UNIMARC ISO2709" path="ebooks2unimarciso" import="yes" importname="USMARC @BOOKS"/>
	<item name="USMARC SPRINGER -&gt; UNIMARC ISO2709" path="springer2unimarciso" import="yes" importname="USMARC SPRINGER"/>
	<item name="CATMARC ISO2709 -&gt; pmb-XML UNIMARC" path="catmarciso2pmbxmlunimarc"  output_pmbxml="yes"/>
	<item name="CATMARC ISO2709 -&gt; pmb-XML CATMARC" path="catmarciso2pmbxmlcatmarc"/>
	<item name="CATMARC ISO2709 -&gt; UNIMARC ISO2709" path="catmarciso2unimarc" import="yes" importname="CATMARC ISO2709"/>
	<item name="pmb-XML UNIMARC -&gt; Dublin Core (dc)" path="pmbxml2dc" import="no" exportname="DUBLIN CORE (DC)" export="yes"/>
	<item name="ENDNOTE EXPORT -&gt; pmb-XML MARC" path="endnote2pmbxml" />
	<item name="ENDNOTE EXPORT-&gt; UNIMARC ISO2709" path="endnote2unimarc" import="yes" importname="Endnote"/>
	<item name="MEDLINE -&gt; pmb-XML MARC" path="medline2pmbxml" />
	<item name="MEDLINE -&gt; UNIMARC ISO2709" path="medline2unimarc" import="yes" importname="Medline"/>
	<item name="RIS -&gt; pmb-XML MARC" path="ris2pmbxml" />
	<item name="RIS -&gt; UNIMARC ISO2709" path="ris2unimarc" import="yes" importname="RIS"/>
	<item name="CAB ABSTRACT -&gt; pmb-XML MARC" path="cababstract2pmbxml"/>
	<item name="CAB ABSTRACT -&gt; UNIMARC ISO2709" path="cababstract2unimarc" import="yes" importname="CAB ABSTRACT"/>
	<item name="pmb-XML MARC -&gt; MEDLINE" path="pmbxml2medline" export="yes" exportname="MEDLINE"/>
	<item name="pmb-XML MARC -&gt; ENDNOTE EXPORT" path="pmbxml2endnote" export="yes" exportname="ENDNOTE EXPORT"/>
	<item name="pmb-XML MARC -&gt; RIS" path="pmbxml2ris" export="yes" exportname="RIS"/>
	<item name="pmb-XML MARC -&gt; RIS ZOTERO" path="pmbxml2ris_zotero" export="yes" exportname="RIS ZOTERO"/>
	<item name="Base PMB -&gt; XML-MBA" path="pmb2mba" import="no" export="yes" exportname="XMLMBA"/>
	<item name="Delphes -&gt; ISO2709" path="delphe2unimarciso" import="yes" importname="Delphe" />
	<item name="Ascodocpsy -&gt; pmb-XML UNIMARC" path="ascodocpsy2xml" import="yes" importname="Ascodocpsy pmb-XML MARC" />
	<item name="Ascodocpsy -&gt; UNIMARC ISO2709" path="ascodocpsy2uni" import="yes" importname="Ascodocpsy ISO2709" />
	<item name="Base PMB -&gt; Ascodocpsy" path="pmb2ascodocpsy" export="yes" exportname="Ascodocpsy"/>
	<item name="Base PMB -&gt; XML RDF" path="pmb2xmlrdf" import="no" export="yes" exportname="XML RDF"/>
	<item name="Base PMB -&gt; XML MARC" path="pmb2xmlmarc" import="no" export="yes" exportname="XML MARC"/>
	<item name="Onix -&gt; UNIMARC ISO2709" path="onix2uni" import="yes" importname="Onix"/>
</catalog>