<?xml version="1.0" encoding="ISO-8859-1"?>
<params>
	<!-- Nom de l'import -->
	<importname>MARC ISO 2709 -&gt; TEXTE MARC</importname>
	<!-- Nombre de notices trait�es par passe -->
	<nperpass>200</nperpass>

	<!-- Type de l'entr�e -->
	<input type="iso_2709" endchar="0x1d"/>

	<!-- Type de la sortie -->
	<output importable="no" type="txt" suffix="txt" mimetype="text/text"/>
	
	<step type="isotoxml">
		<!-- Conversion iso2709 unimarc en xml-->
		<trootelement>pmbmarc</trootelement>
	</step>
	<step type="xmltransform">
		<!-- Conversion en html -->
		<xslfile>txt_tab.xsl</xslfile>
		<rootelement>pmbmarc</rootelement>
		<noticeelement>notice</noticeelement>
		<trootelement></trootelement>
		<tnoticeelement></tnoticeelement>
	</step>
</params>