<?xml version="1.0" encoding="ISO-8859-1"?>
<!-- 
$Id: params.xml,v 1.4 2018/07/25 06:19:18 dgoron Exp $ -->

<params>
    <!-- Nom de l'import -->
    <importname>RIS -&gt; PMBXML</importname>
    <!-- Nombre de notices trait�es par passe -->
    <nperpass>200</nperpass>
    <!-- Type de l'entr�e -->
    <input type="custom" script="ris2unimarc_input.class.php"/>
    <!-- type de la sortie -->
     <output importable="yes" type="iso_2709" suffix="uni">
        <rootelement>unimarc</rootelement>
    </output>

    <step type="custom">
        <!-- Conversion RIS en pmbxml -->
        <script>ris2unimarc.class.php</script>
		<callback>convert_data</callback>
    </step>
    <step type="toiso">
        <!-- Conversion xml unimarc en iso2709 unimarc -->
        <rootelement>unimarc</rootelement>
        <il>2</il>
        <sl>2</sl>
        <dm1>4</dm1>
        <dm2>5</dm2>
        <dm3>0</dm3>
    </step>
</params>