<?xml version="1.0" encoding="ISO-8859-1"?>
<params>
	<!-- Nom de l'import -->
	<importname>MEMODOCNET BCDI -&gt; UNIMARC ISO 2709</importname>
	<!-- Nombre de notices trait�es par passe -->
	<nperpass>200</nperpass>
	
	<!-- Type de l'entr�e -->
	<input type="custom"  script="bcdimemodocnet2uniiso_input.class.php" rootelement="MEMO_NOTICES" noticeelement="NOTICES"/>
	
	<!-- Type de la sortie -->
	<output importable="yes" type="iso_2709" suffix="uni"/>
	
	<step type="xmltransform">
		<!-- Conversion en xml unimarc -->
		<xslfile>bcdi_memodocnet.xsl</xslfile>
		<rootelement>MEMO_NOTICES</rootelement>
		<noticeelement>NOTICES</noticeelement>
		<trootelement>unimarc</trootelement>
		<tnoticeelement>notice</tnoticeelement>
	</step>
	<step type="toiso">
		<!-- Conversion xml unimarc en iso2709 unimarc -->
		<rootelement>unimarc</rootelement>
		<il>2</il>
		<sl>2</sl>
		<dm1>4</dm1>
		<dm2>5</dm2>
		<dm3>0</dm3>
	</step>	 
</params>