<?xml version="1.0" encoding="ISO-8859-1"?>
<params>
	<!-- Nom de l'import -->
	<importname>Onix XML -&gt; pmb-XML UNIMARC</importname>
	<!-- Nombre de notices trait�es par passe -->
	<nperpass>200</nperpass>
	<!-- Type de l'entr�e -->
	<input type="xml" rootelement="ONIXMessage" noticeelement="Product" />
       
   <!-- Type de sortie -->
	<output importable="yes" type="iso_2709" suffix="marc"/>
	
	 <step type="xmltransform">
		<!-- Conversion en xml unimarc -->
		<xslfile>onix2uni.xsl</xslfile>
		<rootelement>ONIXMessage</rootelement>
		<noticeelement>Product</noticeelement>
		<trootelement>unimarc</trootelement>
		<tnoticeelement>notice</tnoticeelement>
	</step>
	
	<step type="toiso">
		<rootelement>unimarc</rootelement>
		<il>2</il>
		<sl>2</sl>
		<dm1>4</dm1>
		<dm2>5</dm2>
		<dm3>0</dm3>
	</step>	
</params>